transaction_number,name,type,quantity
1,MenhirCo,buy,10
2,MenhirCo,buy,10
3,MenhirCo,buy,10
4,MenhirCo,buy,10
5,MenhirCo,buy,10
6,MenhirCo,buy,10
7,MenhirCo,buy,10
8,MenhirCo,buy,10
9,MenhirCo,sell,5
10,RottenFishCo,sell,4
11,PotionCo,buy,9
12,BowCo,sell,7
13,SwordCo,buy,3
14,SwordCo,sell,3
15,MenhirCo,buy,3
16,PotionCo,sell,4
17,ShieldCo,sell,10
18,ArrowCo,buy,2
19,ArrowCo,buy,3
20,BowCo,sell,7
21,BoarCo,buy,6
22,BoarCo,sell,8
23,PotionCo,buy,5
24,HelmetCo,sell,2
25,PotionCo,buy,1
26,GameStart,sell,8
27,SwordCo,buy,8
28,GameStart,sell,2
29,PotionCo,buy,2
30,ShieldCo,buy,7
31,MenhirCo,buy,10
32,ShieldCo,sell,2
33,BoarCo,buy,1
34,ArrowCo,sell,3
35,ArrowCo,sell,7
36,SwordCo,sell,3
37,ShieldCo,buy,10
38,BowCo,buy,7
39,GameStart,sell,5
40,BowCo,buy,2
41,ShieldCo,sell,1
42,GameStart,sell,8
43,MenhirCo,buy,8
44,HelmetCo,sell,7
45,GameStart,buy,10
46,ArrowCo,sell,9
47,ShieldCo,buy,3
48,ArrowCo,buy,3
49,BowCo,sell,10
50,RottenFishCo,buy,7
51,PotionCo,sell,8
52,BoarCo,buy,10
53,GameStart,sell,7
54,BoarCo,sell,3
55,ArrowCo,buy,5
56,HelmetCo,buy,5
57,BoarCo,sell,5
58,HelmetCo,buy,1
59,SwordCo,buy,10
60,BoarCo,buy,9
61,ShieldCo,buy,8
62,GameStart,buy,8
63,HelmetCo,buy,9
64,ArrowCo,buy,2
65,BoarCo,buy,8
66,BoarCo,buy,8
67,ArrowCo,buy,1
68,PotionCo,buy,8
69,SwordCo,sell,1
70,GameStart,buy,6
71,RottenFishCo,sell,5
72,BoarCo,buy,3
73,HelmetCo,buy,9
74,SwordCo,buy,1
75,RottenFishCo,sell,2
76,MenhirCo,buy,1
77,BoarCo,buy,4
78,PotionCo,sell,9
79,RottenFishCo,sell,8
80,PotionCo,buy,2
81,GameStart,buy,6
82,GameStart,sell,1
83,ArrowCo,buy,2
84,BoarCo,sell,4
85,RottenFishCo,sell,10
86,BoarCo,buy,6
87,BoarCo,buy,1
88,BowCo,buy,4
89,BoarCo,sell,8
90,ArrowCo,buy,1
91,HelmetCo,sell,7
92,ShieldCo,sell,8
93,ShieldCo,buy,7
94,GameStart,sell,1
95,GameStart,sell,6
96,MenhirCo,sell,1
97,SwordCo,buy,3
98,PotionCo,sell,3
99,ShieldCo,buy,3
100,ShieldCo,sell,3
101,BoarCo,buy,8
102,GameStart,buy,9
103,ShieldCo,buy,6
104,BoarCo,buy,1
105,BoarCo,sell,8
106,SwordCo,buy,8
107,HelmetCo,sell,1
108,RottenFishCo,buy,2
109,GameStart,sell,9
110,SwordCo,buy,9
111,RottenFishCo,buy,5
112,SwordCo,buy,4
113,ShieldCo,sell,10
114,BoarCo,sell,3
115,ShieldCo,buy,9
116,SwordCo,buy,3
117,GameStart,buy,7
118,PotionCo,buy,6
119,SwordCo,sell,9
120,SwordCo,sell,10
121,ShieldCo,buy,4
122,ShieldCo,sell,1
123,ArrowCo,buy,6
124,BowCo,sell,8
125,PotionCo,buy,7
126,ShieldCo,sell,2
127,GameStart,sell,9
128,RottenFishCo,buy,9
129,GameStart,sell,3
130,ShieldCo,sell,5
131,GameStart,buy,9
132,BowCo,sell,6
133,BoarCo,sell,5
134,BowCo,buy,5
135,ArrowCo,sell,2
136,MenhirCo,buy,4
137,ArrowCo,buy,1
138,ArrowCo,sell,8
139,SwordCo,sell,2
140,SwordCo,buy,7
141,ArrowCo,sell,9
142,BoarCo,buy,4
143,BowCo,sell,4
144,MenhirCo,buy,1
145,ShieldCo,sell,6
146,BoarCo,sell,1
147,GameStart,buy,3
148,RottenFishCo,buy,8
149,ArrowCo,buy,6
150,SwordCo,sell,6
151,ArrowCo,sell,2
152,RottenFishCo,sell,10
153,BowCo,sell,6
154,SwordCo,sell,7
155,HelmetCo,buy,5
156,SwordCo,sell,9
157,PotionCo,buy,6
158,GameStart,buy,8
159,ShieldCo,sell,1
160,SwordCo,sell,2
161,BoarCo,sell,2
162,PotionCo,sell,1
163,BoarCo,buy,3
164,SwordCo,sell,7
165,SwordCo,sell,5
166,MenhirCo,sell,4
167,PotionCo,sell,7
168,MenhirCo,sell,8
169,ShieldCo,sell,2
170,BowCo,sell,7
171,BoarCo,buy,5
172,MenhirCo,buy,8
173,BowCo,buy,5
174,MenhirCo,buy,3
175,GameStart,sell,9
176,MenhirCo,buy,7
177,HelmetCo,sell,8
178,PotionCo,sell,10
179,GameStart,sell,7
180,SwordCo,buy,2
181,PotionCo,buy,8
182,MenhirCo,sell,5
183,MenhirCo,sell,9
184,ShieldCo,sell,8
185,PotionCo,sell,1
186,BowCo,sell,1
187,ShieldCo,sell,9
188,BoarCo,buy,7
189,BoarCo,sell,1
190,BowCo,sell,7
191,ShieldCo,sell,4
192,ArrowCo,buy,1
193,RottenFishCo,buy,9
194,ShieldCo,sell,2
195,RottenFishCo,buy,7
196,GameStart,sell,9
197,ShieldCo,sell,5
198,RottenFishCo,buy,9
199,BowCo,sell,4
200,PotionCo,buy,5
201,BowCo,buy,7
202,MenhirCo,sell,5
203,PotionCo,sell,9
204,ShieldCo,sell,1
205,BoarCo,sell,1
206,BoarCo,buy,10
207,ArrowCo,buy,2
208,SwordCo,sell,10
209,HelmetCo,sell,3
210,MenhirCo,buy,4
211,ShieldCo,sell,6
212,ArrowCo,sell,8
213,ShieldCo,buy,3
214,BowCo,sell,9
215,PotionCo,buy,1
216,RottenFishCo,buy,3
217,BowCo,sell,8
218,HelmetCo,sell,2
219,MenhirCo,sell,7
220,BoarCo,sell,1
221,HelmetCo,sell,10
222,HelmetCo,buy,6
223,RottenFishCo,sell,5
224,BowCo,sell,8
225,BoarCo,sell,9
226,SwordCo,sell,10
227,MenhirCo,sell,3
228,MenhirCo,sell,9
229,BowCo,sell,7
230,BoarCo,sell,10
231,BoarCo,buy,8
232,RottenFishCo,buy,6
233,ArrowCo,sell,8
234,GameStart,buy,5
235,BowCo,buy,1
236,RottenFishCo,sell,4
237,ShieldCo,sell,8
238,PotionCo,sell,1
239,RottenFishCo,sell,7
240,SwordCo,sell,4
241,PotionCo,buy,1
242,BowCo,sell,8
243,ArrowCo,buy,4
244,GameStart,buy,5
245,PotionCo,sell,9
246,SwordCo,sell,6
247,MenhirCo,buy,5
248,BoarCo,buy,3
249,RottenFishCo,buy,3
250,GameStart,sell,1
251,RottenFishCo,sell,4
252,RottenFishCo,sell,9
253,PotionCo,buy,3
254,RottenFishCo,sell,10
255,SwordCo,buy,7
256,ShieldCo,sell,1
257,SwordCo,sell,8
258,HelmetCo,buy,10
259,MenhirCo,buy,1
260,GameStart,sell,6
261,GameStart,sell,7
262,ArrowCo,buy,1
263,SwordCo,buy,8
264,RottenFishCo,buy,9
265,ShieldCo,buy,8
266,RottenFishCo,sell,1
267,PotionCo,buy,4
268,ShieldCo,buy,2
269,ShieldCo,buy,2
270,MenhirCo,sell,1
271,BowCo,buy,7
272,RottenFishCo,sell,2
273,MenhirCo,buy,7
274,PotionCo,buy,6
275,GameStart,buy,1
276,PotionCo,sell,10
277,HelmetCo,sell,4
278,SwordCo,buy,1
279,ShieldCo,buy,9
280,MenhirCo,sell,5
281,PotionCo,buy,10
282,ArrowCo,buy,9
283,ArrowCo,sell,8
284,RottenFishCo,sell,4
285,MenhirCo,buy,7
286,PotionCo,sell,9
287,SwordCo,buy,4
288,GameStart,sell,10
289,ArrowCo,buy,6
290,GameStart,buy,9
291,ShieldCo,sell,9
292,HelmetCo,buy,9
293,ArrowCo,buy,4
294,GameStart,sell,4
295,BowCo,buy,9
296,ArrowCo,sell,6
297,HelmetCo,sell,1
298,ShieldCo,sell,7
299,PotionCo,sell,9
300,HelmetCo,sell,6
301,PotionCo,buy,4
302,GameStart,buy,10
303,HelmetCo,buy,4
304,BoarCo,sell,8
305,MenhirCo,buy,5
306,MenhirCo,buy,10
307,MenhirCo,buy,4
308,ShieldCo,sell,8
309,HelmetCo,sell,5
310,MenhirCo,buy,4
311,RottenFishCo,sell,2
312,MenhirCo,buy,5
313,MenhirCo,sell,8
314,BowCo,sell,8
315,RottenFishCo,sell,4
316,SwordCo,sell,8
317,BoarCo,sell,6
318,MenhirCo,buy,3
319,HelmetCo,buy,10
320,RottenFishCo,sell,3
321,ShieldCo,buy,5
322,RottenFishCo,buy,8
323,ArrowCo,buy,9
324,ShieldCo,buy,8
325,BoarCo,buy,7
326,MenhirCo,sell,1
327,MenhirCo,sell,6
328,BowCo,sell,8
329,SwordCo,buy,2
330,ArrowCo,buy,7
331,BowCo,sell,6
332,ShieldCo,buy,9
333,BowCo,sell,1
334,ArrowCo,buy,7
335,ShieldCo,buy,1
336,RottenFishCo,sell,7
337,GameStart,buy,6
338,RottenFishCo,sell,8
339,MenhirCo,buy,4
340,MenhirCo,sell,2
341,ShieldCo,buy,3
342,SwordCo,buy,2
343,GameStart,buy,5
344,PotionCo,buy,5
345,RottenFishCo,buy,4
346,BowCo,sell,4
347,ArrowCo,sell,9
348,ArrowCo,sell,1
349,PotionCo,sell,6
350,PotionCo,buy,1
351,BowCo,sell,8
352,ShieldCo,sell,9
353,ArrowCo,sell,6
354,RottenFishCo,sell,9
355,MenhirCo,buy,3
356,MenhirCo,sell,4
357,MenhirCo,buy,2
358,MenhirCo,buy,1
359,RottenFishCo,sell,10
360,RottenFishCo,sell,7
361,RottenFishCo,buy,9
362,ShieldCo,sell,6
363,BoarCo,sell,9
364,GameStart,sell,4
365,HelmetCo,buy,4
366,PotionCo,sell,7
367,HelmetCo,sell,6
368,GameStart,sell,7
369,ShieldCo,sell,4
370,SwordCo,buy,8
371,RottenFishCo,buy,8
372,ArrowCo,sell,10
373,PotionCo,sell,5
374,HelmetCo,sell,5
375,BowCo,buy,2
376,MenhirCo,buy,3
377,PotionCo,buy,7
378,SwordCo,sell,7
379,ShieldCo,sell,7
380,GameStart,sell,9
381,BowCo,buy,5
382,RottenFishCo,sell,5
383,BowCo,sell,3
384,BowCo,buy,6
385,ShieldCo,buy,4
386,SwordCo,sell,3
387,MenhirCo,sell,8
388,PotionCo,buy,6
389,ShieldCo,buy,2
390,MenhirCo,sell,1
391,GameStart,buy,4
392,PotionCo,buy,8
393,ShieldCo,sell,9
394,MenhirCo,buy,9
395,GameStart,buy,9
396,BoarCo,sell,6
397,MenhirCo,buy,6
398,ArrowCo,buy,10
399,PotionCo,sell,7
400,PotionCo,buy,6
401,SwordCo,buy,10
402,GameStart,buy,9
403,PotionCo,sell,8
404,PotionCo,sell,2
405,BowCo,sell,10
406,PotionCo,buy,10
407,HelmetCo,buy,8
408,BoarCo,sell,2
409,RottenFishCo,sell,5
410,BowCo,sell,7
411,RottenFishCo,buy,2
412,PotionCo,buy,8
413,RottenFishCo,sell,3
414,ArrowCo,sell,2
415,HelmetCo,sell,1
416,HelmetCo,buy,10
417,RottenFishCo,sell,1
418,HelmetCo,sell,8
419,BoarCo,sell,1
420,SwordCo,sell,3
421,HelmetCo,sell,8
422,RottenFishCo,buy,5
423,PotionCo,buy,9
424,ShieldCo,sell,3
425,ShieldCo,sell,1
426,ShieldCo,buy,10
427,MenhirCo,buy,2
428,ShieldCo,sell,2
429,MenhirCo,sell,4
430,GameStart,buy,8
431,RottenFishCo,buy,10
432,RottenFishCo,sell,4
433,PotionCo,sell,1
434,BowCo,sell,8
435,MenhirCo,sell,9
436,ShieldCo,buy,10
437,MenhirCo,buy,6
438,BowCo,sell,3
439,RottenFishCo,sell,2
440,PotionCo,sell,5
441,RottenFishCo,buy,8
442,ShieldCo,buy,1
443,ArrowCo,sell,1
444,SwordCo,sell,10
445,MenhirCo,buy,7
446,BowCo,buy,6
447,MenhirCo,sell,8
448,BowCo,sell,9
449,PotionCo,buy,6
450,RottenFishCo,buy,3
451,GameStart,buy,9
452,GameStart,sell,8
453,ArrowCo,sell,7
454,BoarCo,sell,8
455,ShieldCo,sell,2
456,BowCo,buy,5
457,RottenFishCo,buy,1
458,ArrowCo,sell,6
459,ArrowCo,sell,6
460,RottenFishCo,buy,10
461,MenhirCo,buy,6
462,MenhirCo,sell,1
463,RottenFishCo,sell,6
464,BoarCo,buy,8
465,ShieldCo,buy,3
466,HelmetCo,buy,10
467,HelmetCo,sell,4
468,RottenFishCo,buy,6
469,PotionCo,buy,2
470,GameStart,buy,1
471,SwordCo,buy,8
472,RottenFishCo,sell,5
473,ShieldCo,buy,5
474,ArrowCo,buy,6
475,MenhirCo,sell,3
476,BoarCo,buy,3
477,PotionCo,sell,4
478,PotionCo,sell,1
479,BoarCo,sell,5
480,ShieldCo,sell,6
481,PotionCo,sell,4
482,BowCo,buy,3
483,ArrowCo,buy,8
484,ShieldCo,sell,5
485,SwordCo,buy,2
486,BoarCo,buy,6
487,MenhirCo,sell,8
488,BoarCo,buy,7
489,SwordCo,sell,10
490,HelmetCo,sell,7
491,GameStart,sell,5
492,MenhirCo,sell,2
493,GameStart,sell,4
494,SwordCo,buy,3
495,BowCo,sell,6
496,SwordCo,buy,10
497,ArrowCo,sell,1
498,MenhirCo,buy,10
499,ArrowCo,sell,3
500,ArrowCo,buy,9
501,SwordCo,buy,10
502,MenhirCo,sell,9
503,MenhirCo,sell,5
504,BowCo,buy,3
505,PotionCo,sell,4
506,BoarCo,buy,10
507,HelmetCo,sell,5
508,ArrowCo,buy,8
509,BowCo,buy,5
510,RottenFishCo,sell,1
511,ArrowCo,sell,4
512,ShieldCo,sell,10
513,ShieldCo,sell,8
514,MenhirCo,buy,5
515,ShieldCo,sell,7
516,GameStart,sell,8
517,MenhirCo,sell,6
518,PotionCo,sell,2
519,ShieldCo,buy,3
520,ShieldCo,sell,8
521,PotionCo,buy,3
522,ShieldCo,sell,1
523,MenhirCo,sell,7
524,HelmetCo,sell,2
525,PotionCo,buy,4
526,GameStart,sell,9
527,RottenFishCo,sell,1
528,ShieldCo,buy,9
529,BowCo,buy,2
530,GameStart,buy,10
531,ArrowCo,buy,7
532,BowCo,sell,9
533,SwordCo,sell,8
534,GameStart,buy,4
535,ShieldCo,sell,1
536,MenhirCo,buy,1
537,ArrowCo,buy,5
538,PotionCo,sell,8
539,MenhirCo,sell,8
540,SwordCo,sell,9
541,MenhirCo,sell,8
542,GameStart,sell,3
543,RottenFishCo,buy,3
544,RottenFishCo,sell,9
545,SwordCo,buy,8
546,BoarCo,sell,10
547,GameStart,buy,2
548,SwordCo,sell,1
549,MenhirCo,sell,6
550,ShieldCo,buy,1
551,MenhirCo,sell,5
552,ArrowCo,sell,2
553,SwordCo,buy,8
554,ShieldCo,sell,1
555,RottenFishCo,sell,10
556,PotionCo,sell,9
557,BowCo,buy,4
558,BowCo,sell,6
559,HelmetCo,buy,5
560,MenhirCo,sell,6
561,PotionCo,buy,3
562,RottenFishCo,buy,5
563,ArrowCo,sell,7
564,HelmetCo,buy,10
565,SwordCo,buy,5
566,BoarCo,sell,2
567,HelmetCo,buy,7
568,RottenFishCo,sell,1
569,PotionCo,buy,4
570,RottenFishCo,buy,7
571,ArrowCo,sell,6
572,ArrowCo,buy,3
573,SwordCo,sell,5
574,MenhirCo,buy,7
575,BoarCo,sell,10
576,RottenFishCo,buy,3
577,SwordCo,sell,7
578,MenhirCo,buy,9
579,HelmetCo,sell,2
580,MenhirCo,sell,9
581,BoarCo,buy,8
582,BoarCo,buy,9
583,GameStart,buy,9
584,RottenFishCo,buy,9
585,BoarCo,buy,8
586,HelmetCo,sell,4
587,RottenFishCo,sell,6
588,RottenFishCo,sell,10
589,ArrowCo,sell,7
590,SwordCo,sell,7
591,BoarCo,buy,8
592,GameStart,sell,2
593,ArrowCo,sell,6
594,SwordCo,sell,6
595,MenhirCo,buy,2
596,ShieldCo,sell,10
597,BowCo,buy,3
598,ShieldCo,sell,5
599,BoarCo,sell,8
600,RottenFishCo,buy,4
601,ShieldCo,sell,2
602,BoarCo,sell,5
603,GameStart,buy,1
604,ArrowCo,buy,3
605,BowCo,sell,9
606,GameStart,buy,6
607,HelmetCo,sell,5
608,ArrowCo,sell,3
609,BoarCo,sell,8
610,SwordCo,buy,3
611,ArrowCo,buy,3
612,SwordCo,sell,10
613,PotionCo,sell,10
614,BowCo,sell,3
615,PotionCo,buy,9
616,BowCo,sell,3
617,RottenFishCo,buy,5
618,GameStart,sell,2
619,PotionCo,buy,4
620,GameStart,buy,10
621,PotionCo,sell,6
622,PotionCo,sell,7
623,ArrowCo,sell,4
624,SwordCo,sell,5
625,BoarCo,buy,2
626,SwordCo,buy,1
627,ShieldCo,buy,4
628,ArrowCo,buy,1
629,HelmetCo,buy,7
630,GameStart,sell,3
631,GameStart,sell,1
632,BowCo,sell,3
633,MenhirCo,sell,5
634,HelmetCo,buy,10
635,GameStart,buy,3
636,HelmetCo,buy,2
637,GameStart,buy,9
638,PotionCo,sell,2
639,BowCo,buy,1
640,BowCo,sell,10
641,RottenFishCo,buy,2
642,GameStart,sell,6
643,ShieldCo,sell,6
644,BoarCo,buy,1
645,BowCo,buy,4
646,BoarCo,buy,4
647,ArrowCo,buy,4
648,RottenFishCo,sell,9
649,BoarCo,sell,1
650,SwordCo,sell,8
651,ArrowCo,sell,6
652,BowCo,sell,2
653,ShieldCo,sell,4
654,MenhirCo,sell,10
655,RottenFishCo,sell,8
656,RottenFishCo,sell,1
657,HelmetCo,sell,3
658,MenhirCo,buy,1
659,BoarCo,buy,7
660,PotionCo,sell,3
661,ShieldCo,buy,5
662,HelmetCo,buy,9
663,BoarCo,buy,5
664,ShieldCo,sell,8
665,HelmetCo,buy,9
666,BowCo,sell,8
667,SwordCo,sell,2
668,MenhirCo,sell,10
669,SwordCo,buy,4
670,RottenFishCo,sell,9
671,GameStart,buy,9
672,BoarCo,sell,7
673,ArrowCo,sell,3
674,BoarCo,sell,6
675,GameStart,sell,7
676,ArrowCo,sell,1
677,PotionCo,sell,5
678,BowCo,sell,7
679,PotionCo,buy,1
680,BoarCo,sell,10
681,BowCo,buy,9
682,BoarCo,buy,3
683,SwordCo,sell,3
684,RottenFishCo,sell,1
685,BoarCo,sell,10
686,BoarCo,sell,5
687,MenhirCo,buy,1
688,ShieldCo,sell,10
689,HelmetCo,sell,8
690,GameStart,sell,5
691,BoarCo,sell,5
692,SwordCo,buy,6
693,RottenFishCo,sell,1
694,GameStart,sell,7
695,PotionCo,buy,8
696,GameStart,sell,2
697,PotionCo,buy,3
698,GameStart,buy,1
699,BoarCo,sell,9
700,RottenFishCo,buy,8
701,HelmetCo,sell,3
702,SwordCo,sell,1
703,ArrowCo,buy,8
704,HelmetCo,buy,1
705,SwordCo,buy,6
706,MenhirCo,sell,2
707,BoarCo,sell,9
708,GameStart,buy,2
709,SwordCo,sell,6
710,SwordCo,buy,1
711,PotionCo,buy,4
712,PotionCo,sell,4
713,ArrowCo,buy,7
714,GameStart,sell,10
715,ShieldCo,sell,8
716,RottenFishCo,buy,1
717,GameStart,buy,1
718,HelmetCo,buy,10
719,BowCo,sell,8
720,SwordCo,sell,7
721,BowCo,buy,3
722,ShieldCo,buy,2
723,RottenFishCo,buy,2
724,SwordCo,sell,10
725,RottenFishCo,buy,2
726,RottenFishCo,buy,5
727,SwordCo,sell,5
728,ShieldCo,buy,1
729,SwordCo,sell,8
730,SwordCo,sell,3
731,ShieldCo,buy,7
732,BoarCo,buy,10
733,RottenFishCo,sell,10
734,GameStart,buy,4
735,BoarCo,buy,8
736,RottenFishCo,sell,3
737,ShieldCo,sell,5
738,PotionCo,buy,2
739,HelmetCo,buy,10
740,PotionCo,buy,1
741,BowCo,sell,2
742,RottenFishCo,sell,6
743,ArrowCo,sell,3
744,BowCo,sell,9
745,ShieldCo,sell,4
746,RottenFishCo,buy,8
747,HelmetCo,sell,8
748,GameStart,sell,10
749,GameStart,sell,4
750,ShieldCo,sell,2
751,ShieldCo,sell,8
752,ShieldCo,buy,4
753,ArrowCo,buy,3
754,ShieldCo,sell,9
755,ArrowCo,buy,1
756,RottenFishCo,sell,8
757,GameStart,buy,3
758,BoarCo,buy,2
759,RottenFishCo,buy,2
760,BoarCo,sell,9
761,HelmetCo,sell,7
762,MenhirCo,sell,6
763,MenhirCo,buy,9
764,BoarCo,sell,6
765,SwordCo,buy,3
766,RottenFishCo,buy,7
767,HelmetCo,sell,1
768,ArrowCo,sell,7
769,ShieldCo,buy,8
770,MenhirCo,sell,1
771,SwordCo,sell,5
772,GameStart,buy,9
773,MenhirCo,buy,1
774,MenhirCo,buy,5
775,SwordCo,sell,3
776,ArrowCo,buy,5
777,ArrowCo,sell,6
778,GameStart,buy,3
779,PotionCo,buy,3
780,GameStart,buy,1
781,BoarCo,buy,10
782,RottenFishCo,buy,7
783,BowCo,buy,4
784,PotionCo,sell,5
785,BowCo,sell,3
786,RottenFishCo,sell,7
787,RottenFishCo,buy,9
788,MenhirCo,buy,2
789,PotionCo,buy,1
790,MenhirCo,buy,10
791,SwordCo,buy,7
792,SwordCo,buy,1
793,HelmetCo,buy,7
794,MenhirCo,sell,7
795,BowCo,sell,1
796,ShieldCo,buy,7
797,ArrowCo,sell,9
798,BoarCo,buy,8
799,RottenFishCo,sell,5
800,RottenFishCo,sell,4
801,ShieldCo,sell,5
802,HelmetCo,buy,8
803,GameStart,buy,5
804,ArrowCo,sell,5
805,ShieldCo,sell,5
806,HelmetCo,sell,3
807,HelmetCo,sell,6
808,SwordCo,sell,4
809,GameStart,sell,4
810,BowCo,sell,4
811,HelmetCo,buy,4
812,BoarCo,sell,6
813,BoarCo,sell,10
814,RottenFishCo,buy,6
815,ArrowCo,buy,8
816,GameStart,sell,5
817,BoarCo,buy,5
818,SwordCo,sell,1
819,MenhirCo,sell,4
820,SwordCo,sell,1
821,HelmetCo,sell,1
822,GameStart,sell,1
823,PotionCo,buy,8
824,ShieldCo,sell,5
825,SwordCo,sell,3
826,MenhirCo,sell,1
827,ArrowCo,buy,7
828,BoarCo,sell,3
829,GameStart,sell,6
830,SwordCo,sell,7
831,BowCo,buy,1
832,HelmetCo,buy,9
833,RottenFishCo,sell,9
834,GameStart,buy,1
835,MenhirCo,buy,3
836,MenhirCo,buy,7
837,HelmetCo,buy,5
838,ArrowCo,buy,2
839,SwordCo,buy,5
840,BoarCo,sell,5
841,ShieldCo,buy,6
842,BowCo,buy,3
843,SwordCo,buy,9
844,PotionCo,sell,7
845,BoarCo,sell,2
846,BowCo,buy,5
847,GameStart,sell,9
848,GameStart,buy,5
849,ArrowCo,sell,8
850,MenhirCo,buy,4
851,GameStart,buy,8
852,BoarCo,buy,8
853,MenhirCo,buy,4
854,SwordCo,sell,1
855,HelmetCo,sell,2
856,GameStart,sell,4
857,ShieldCo,buy,10
858,HelmetCo,sell,7
859,GameStart,sell,5
860,PotionCo,buy,2
861,ShieldCo,buy,1
862,HelmetCo,sell,8
863,GameStart,sell,3
864,MenhirCo,buy,3
865,ArrowCo,sell,3
866,ArrowCo,buy,5
867,ArrowCo,buy,8
868,GameStart,buy,6
869,ShieldCo,buy,4
870,GameStart,sell,7
871,SwordCo,sell,9
872,ShieldCo,buy,10
873,BoarCo,sell,2
874,ShieldCo,sell,1
875,RottenFishCo,buy,4
876,HelmetCo,sell,2
877,ShieldCo,buy,9
878,SwordCo,buy,8
879,PotionCo,buy,4
880,HelmetCo,sell,6
881,HelmetCo,buy,9
882,BoarCo,buy,6
883,PotionCo,buy,3
884,BowCo,sell,8
885,PotionCo,sell,10
886,BowCo,sell,3
887,HelmetCo,sell,1
888,PotionCo,buy,10
889,PotionCo,buy,4
890,RottenFishCo,buy,2
891,ShieldCo,sell,8
892,GameStart,sell,6
893,RottenFishCo,sell,2
894,SwordCo,sell,8
895,ArrowCo,buy,8
896,PotionCo,buy,1
897,ArrowCo,sell,10
898,PotionCo,sell,3
899,MenhirCo,sell,6
900,BoarCo,sell,2
901,RottenFishCo,sell,1
902,MenhirCo,buy,8
903,SwordCo,buy,2
904,MenhirCo,buy,7
905,ShieldCo,buy,1
906,MenhirCo,sell,3
907,ShieldCo,buy,8
908,MenhirCo,sell,5
909,ShieldCo,sell,7
910,ArrowCo,buy,8
911,MenhirCo,sell,5
912,PotionCo,sell,5
913,SwordCo,buy,10
914,HelmetCo,buy,9
915,BoarCo,buy,1
916,MenhirCo,sell,8
917,RottenFishCo,sell,3
918,HelmetCo,buy,1
919,PotionCo,sell,2
920,ArrowCo,sell,7
921,HelmetCo,sell,6
922,BowCo,buy,10
923,RottenFishCo,sell,7
924,BoarCo,buy,1
925,MenhirCo,sell,1
926,RottenFishCo,buy,6
927,HelmetCo,sell,4
928,RottenFishCo,sell,10
929,HelmetCo,buy,9
930,BoarCo,sell,5
931,SwordCo,sell,2
932,ArrowCo,buy,7
933,BowCo,sell,8
934,ShieldCo,buy,10
935,ArrowCo,sell,4
936,BoarCo,buy,6
937,ShieldCo,sell,3
938,BowCo,sell,9
939,RottenFishCo,buy,8
940,RottenFishCo,sell,9
941,SwordCo,sell,9
942,RottenFishCo,sell,6
943,GameStart,sell,2
944,MenhirCo,sell,1
945,RottenFishCo,buy,6
946,RottenFishCo,buy,3
947,ShieldCo,sell,10
948,BowCo,sell,2
949,RottenFishCo,buy,6
950,ArrowCo,buy,3
951,HelmetCo,sell,4
952,SwordCo,sell,8
953,BowCo,sell,3
954,BowCo,sell,10
955,ShieldCo,sell,4
956,BowCo,buy,6
957,HelmetCo,buy,5
958,ArrowCo,buy,5
959,SwordCo,buy,1
960,SwordCo,sell,9
961,ShieldCo,buy,4
962,BoarCo,sell,9
963,BowCo,buy,2
964,RottenFishCo,buy,1
965,BoarCo,sell,1
966,RottenFishCo,buy,7
967,SwordCo,buy,3
968,ArrowCo,buy,5
969,MenhirCo,buy,5
970,BoarCo,buy,8
971,MenhirCo,buy,1
972,PotionCo,buy,1
973,BoarCo,sell,3
974,RottenFishCo,buy,8
975,ShieldCo,buy,4
976,ShieldCo,sell,6
977,RottenFishCo,buy,8
978,BoarCo,sell,6
979,MenhirCo,buy,9
980,ArrowCo,buy,10
981,SwordCo,buy,9
982,BoarCo,sell,5
983,GameStart,sell,1
984,HelmetCo,sell,9
985,MenhirCo,buy,8
986,GameStart,sell,3
987,BoarCo,sell,9
988,RottenFishCo,sell,6
989,BoarCo,buy,9
990,HelmetCo,buy,5
991,ShieldCo,sell,2
992,ShieldCo,buy,2
993,RottenFishCo,sell,8
994,BoarCo,sell,6
995,BowCo,sell,3
996,SwordCo,buy,5
997,ShieldCo,buy,5
998,BowCo,buy,10
999,RottenFishCo,buy,2
1000,RottenFishCo,buy,3
1001,BoarCo,buy,2
1002,HelmetCo,sell,10
1003,PotionCo,sell,7
1004,PotionCo,sell,7
1005,PotionCo,sell,6
1006,SwordCo,buy,10
1007,SwordCo,buy,4
1008,ShieldCo,buy,7
1009,HelmetCo,buy,8
1010,GameStart,buy,2
1011,ShieldCo,sell,1
1012,HelmetCo,buy,6
1013,SwordCo,buy,1
1014,ShieldCo,sell,5
1015,BowCo,buy,6
1016,BoarCo,sell,2
1017,ArrowCo,buy,8
1018,RottenFishCo,sell,8
1019,BowCo,sell,10
1020,GameStart,sell,6
1021,SwordCo,buy,3
1022,GameStart,sell,7
1023,ShieldCo,buy,9
1024,MenhirCo,sell,4
1025,ArrowCo,sell,6
1026,ArrowCo,sell,4
1027,ArrowCo,sell,1
1028,BowCo,sell,4
1029,GameStart,sell,6
1030,BoarCo,sell,7
1031,MenhirCo,buy,9
1032,BowCo,buy,9
1033,MenhirCo,sell,2
1034,HelmetCo,buy,8
1035,ArrowCo,buy,8
1036,ArrowCo,buy,4
1037,GameStart,buy,8
1038,SwordCo,buy,1
1039,PotionCo,sell,9
1040,PotionCo,buy,1
1041,HelmetCo,sell,9
1042,ShieldCo,buy,6
1043,SwordCo,buy,10
1044,MenhirCo,buy,6
1045,HelmetCo,sell,4
1046,SwordCo,sell,9
1047,MenhirCo,buy,10
1048,BoarCo,sell,2
1049,MenhirCo,buy,3
1050,BoarCo,buy,8
1051,PotionCo,buy,2
1052,GameStart,sell,2
1053,PotionCo,buy,9
1054,ArrowCo,sell,8
1055,BowCo,sell,4
1056,MenhirCo,sell,3
1057,BowCo,buy,9
1058,BoarCo,buy,9
1059,HelmetCo,sell,7
1060,HelmetCo,sell,8
1061,BoarCo,buy,3
1062,MenhirCo,buy,4
1063,RottenFishCo,sell,6
1064,ArrowCo,sell,6
1065,PotionCo,buy,8
1066,GameStart,sell,8
1067,BowCo,sell,9
1068,ArrowCo,buy,4
1069,HelmetCo,sell,1
1070,ShieldCo,sell,1
1071,PotionCo,sell,6
1072,RottenFishCo,sell,9
1073,BoarCo,buy,3
1074,ArrowCo,sell,4
1075,GameStart,sell,3
1076,RottenFishCo,buy,4
1077,HelmetCo,buy,1
1078,BoarCo,sell,4
1079,BowCo,buy,1
1080,ShieldCo,sell,1
1081,SwordCo,buy,7
1082,SwordCo,buy,3
1083,ArrowCo,sell,10
1084,BowCo,buy,6
1085,MenhirCo,sell,1
1086,BoarCo,buy,7
1087,GameStart,sell,5
1088,HelmetCo,sell,7
1089,BoarCo,buy,1
1090,ArrowCo,sell,2
1091,PotionCo,buy,7
1092,ArrowCo,buy,10
1093,BoarCo,sell,3
1094,PotionCo,buy,9
1095,PotionCo,sell,1
1096,MenhirCo,buy,7
1097,HelmetCo,sell,5
1098,BoarCo,buy,2
1099,GameStart,sell,5
1100,ArrowCo,sell,5
1101,BoarCo,buy,2
1102,ShieldCo,buy,3
1103,BoarCo,buy,7
1104,RottenFishCo,sell,5
1105,MenhirCo,sell,3
1106,BowCo,sell,4
1107,RottenFishCo,sell,5
1108,BoarCo,buy,7
1109,PotionCo,buy,6
1110,GameStart,sell,7
1111,ArrowCo,sell,7
1112,HelmetCo,buy,2
1113,BoarCo,buy,6
1114,BoarCo,buy,9
1115,RottenFishCo,sell,6
1116,GameStart,buy,2
1117,RottenFishCo,buy,4
1118,BowCo,sell,5
1119,SwordCo,buy,4
1120,RottenFishCo,sell,5
1121,HelmetCo,buy,10
1122,SwordCo,buy,2
1123,GameStart,sell,9
1124,SwordCo,buy,3
1125,RottenFishCo,sell,2
1126,RottenFishCo,sell,3
1127,HelmetCo,buy,6
1128,MenhirCo,buy,5
1129,PotionCo,buy,1
1130,MenhirCo,buy,2
1131,PotionCo,buy,6
1132,BoarCo,buy,8
1133,ShieldCo,buy,5
1134,MenhirCo,buy,4
1135,HelmetCo,sell,2
1136,GameStart,sell,5
1137,RottenFishCo,sell,2
1138,PotionCo,sell,10
1139,HelmetCo,buy,8
1140,RottenFishCo,buy,3
1141,GameStart,sell,1
1142,BowCo,buy,1
1143,SwordCo,buy,3
1144,RottenFishCo,buy,10
1145,BowCo,sell,4
1146,RottenFishCo,sell,9
1147,PotionCo,sell,2
1148,HelmetCo,sell,3
1149,SwordCo,buy,4
1150,RottenFishCo,buy,4
1151,GameStart,sell,2
1152,MenhirCo,buy,3
1153,GameStart,sell,8
1154,PotionCo,buy,5
1155,ArrowCo,sell,5
1156,BowCo,buy,4
1157,BoarCo,sell,6
1158,ArrowCo,sell,9
1159,PotionCo,sell,3
1160,GameStart,buy,7
1161,BoarCo,sell,6
1162,HelmetCo,buy,7
1163,BoarCo,buy,2
1164,RottenFishCo,buy,2
1165,ShieldCo,buy,7
1166,RottenFishCo,buy,6
1167,BowCo,sell,5
1168,BoarCo,buy,9
1169,SwordCo,sell,10
1170,BoarCo,buy,1
1171,BoarCo,buy,2
1172,GameStart,sell,5
1173,ShieldCo,buy,2
1174,HelmetCo,sell,3
1175,SwordCo,sell,4
1176,BowCo,sell,2
1177,RottenFishCo,buy,6
1178,BowCo,buy,7
1179,PotionCo,sell,1
1180,HelmetCo,sell,2
1181,PotionCo,sell,5
1182,BowCo,sell,8
1183,PotionCo,buy,1
1184,ShieldCo,buy,7
1185,ShieldCo,sell,8
1186,HelmetCo,buy,6
1187,PotionCo,sell,10
1188,BowCo,buy,7
1189,PotionCo,buy,10
1190,GameStart,sell,4
1191,SwordCo,buy,7
1192,HelmetCo,buy,6
1193,GameStart,sell,6
1194,ShieldCo,sell,9
1195,BoarCo,buy,7
1196,SwordCo,buy,5
1197,BowCo,sell,6
1198,ShieldCo,buy,6
1199,HelmetCo,buy,9
1200,RottenFishCo,sell,6
1201,BoarCo,buy,5
1202,ArrowCo,sell,3
1203,BowCo,sell,1
1204,BowCo,sell,5
1205,BoarCo,sell,3
1206,RottenFishCo,buy,2
1207,HelmetCo,buy,10
1208,SwordCo,sell,3
1209,BowCo,buy,4
1210,ArrowCo,buy,3
1211,ShieldCo,buy,5
1212,HelmetCo,sell,9
1213,ShieldCo,buy,3
1214,SwordCo,buy,10
1215,PotionCo,buy,8
1216,BoarCo,sell,7
1217,GameStart,sell,8
1218,RottenFishCo,buy,1
1219,GameStart,sell,1
1220,HelmetCo,buy,4
1221,RottenFishCo,buy,8
1222,RottenFishCo,buy,2
1223,ShieldCo,buy,2
1224,BowCo,buy,6
1225,BowCo,sell,8
1226,PotionCo,buy,9
1227,BowCo,buy,2
1228,HelmetCo,buy,2
1229,ArrowCo,buy,6
1230,RottenFishCo,buy,8
1231,RottenFishCo,buy,10
1232,SwordCo,buy,1
1233,ArrowCo,sell,6
1234,BowCo,buy,1
1235,SwordCo,buy,8
1236,HelmetCo,sell,7
1237,HelmetCo,buy,10
1238,HelmetCo,buy,5
1239,BowCo,buy,5
1240,SwordCo,buy,3
1241,ArrowCo,sell,2
1242,HelmetCo,buy,3
1243,BoarCo,sell,10
1244,ArrowCo,sell,7
1245,SwordCo,sell,10
1246,RottenFishCo,sell,10
1247,BoarCo,sell,10
1248,GameStart,sell,6
1249,SwordCo,sell,5
1250,GameStart,buy,4
1251,GameStart,sell,3
1252,ArrowCo,sell,5
1253,GameStart,buy,3
1254,ShieldCo,sell,10
1255,HelmetCo,sell,4
1256,ShieldCo,buy,8
1257,HelmetCo,sell,10
1258,HelmetCo,buy,5
1259,ShieldCo,buy,1
1260,ArrowCo,buy,10
1261,HelmetCo,buy,3
1262,HelmetCo,buy,4
1263,PotionCo,buy,1
1264,ArrowCo,sell,1
1265,PotionCo,buy,9
1266,RottenFishCo,sell,1
1267,ArrowCo,buy,6
1268,ShieldCo,sell,4
1269,HelmetCo,sell,8
1270,GameStart,buy,5
1271,SwordCo,buy,10
1272,SwordCo,buy,6
1273,HelmetCo,sell,8
1274,ArrowCo,buy,7
1275,HelmetCo,buy,10
1276,HelmetCo,sell,4
1277,ShieldCo,sell,4
1278,RottenFishCo,sell,3
1279,ShieldCo,sell,8
1280,SwordCo,buy,5
1281,PotionCo,buy,9
1282,GameStart,buy,5
1283,GameStart,sell,6
1284,BowCo,buy,7
1285,ArrowCo,sell,4
1286,BowCo,sell,8
1287,SwordCo,buy,1
1288,ShieldCo,buy,8
1289,BoarCo,buy,2
1290,PotionCo,sell,4
1291,BoarCo,buy,9
1292,SwordCo,buy,2
1293,HelmetCo,buy,3
1294,GameStart,buy,7
1295,RottenFishCo,buy,6
1296,BoarCo,buy,10
1297,GameStart,buy,10
1298,GameStart,sell,2
1299,HelmetCo,buy,6
1300,HelmetCo,sell,5
1301,BoarCo,buy,8
1302,GameStart,buy,9
1303,ShieldCo,sell,4
1304,SwordCo,buy,7
1305,PotionCo,buy,8
1306,BoarCo,buy,8
1307,BoarCo,buy,7
1308,RottenFishCo,sell,10
1309,SwordCo,buy,2
1310,RottenFishCo,sell,2
1311,RottenFishCo,sell,8
1312,GameStart,buy,1
1313,BoarCo,buy,8
1314,BoarCo,sell,5
1315,GameStart,sell,4
1316,BoarCo,buy,6
1317,ShieldCo,sell,1
1318,GameStart,buy,3
1319,BoarCo,buy,7
1320,BoarCo,buy,5
1321,GameStart,buy,2
1322,BoarCo,buy,2
1323,HelmetCo,buy,5
1324,ArrowCo,buy,6
1325,GameStart,sell,10
1326,SwordCo,sell,9
1327,PotionCo,sell,9
1328,BowCo,buy,7
1329,PotionCo,sell,9
1330,BoarCo,buy,7
1331,ShieldCo,buy,3
1332,BoarCo,sell,2
1333,BowCo,buy,10
1334,SwordCo,buy,8
1335,BowCo,buy,8
1336,GameStart,buy,6
1337,BoarCo,buy,1
1338,SwordCo,buy,1
1339,HelmetCo,sell,6
1340,ArrowCo,sell,9
1341,PotionCo,buy,1
1342,SwordCo,buy,4
1343,BowCo,buy,1
1344,BowCo,buy,1
1345,GameStart,sell,7
1346,BowCo,buy,7
1347,PotionCo,buy,6
1348,ArrowCo,sell,7
1349,PotionCo,sell,6
1350,HelmetCo,buy,9
1351,HelmetCo,sell,1
1352,BoarCo,buy,5
1353,ArrowCo,buy,4
1354,ShieldCo,buy,4
1355,BowCo,buy,6
1356,BowCo,sell,1
1357,BowCo,buy,10
1358,RottenFishCo,buy,4
1359,RottenFishCo,buy,8
1360,RottenFishCo,buy,1
1361,ArrowCo,buy,5
1362,GameStart,buy,5
1363,BowCo,buy,5
1364,BowCo,sell,8
1365,ArrowCo,buy,10
1366,RottenFishCo,buy,2
1367,SwordCo,buy,3
1368,SwordCo,sell,2
1369,ArrowCo,buy,4
1370,ArrowCo,sell,2
1371,BowCo,sell,9
1372,PotionCo,buy,8
1373,ArrowCo,sell,10
1374,RottenFishCo,sell,10
1375,BoarCo,buy,3
1376,BowCo,buy,7
1377,BowCo,buy,9
1378,GameStart,sell,5
1379,PotionCo,sell,3
1380,PotionCo,sell,9
1381,GameStart,buy,4
1382,ArrowCo,buy,10
1383,PotionCo,buy,4
1384,SwordCo,buy,6
1385,RottenFishCo,buy,8
1386,PotionCo,sell,8
1387,ArrowCo,buy,5
1388,ArrowCo,sell,9
1389,RottenFishCo,sell,5
1390,ArrowCo,sell,3
1391,RottenFishCo,sell,8
1392,ShieldCo,buy,7
1393,GameStart,sell,2
1394,BowCo,sell,7
1395,RottenFishCo,buy,9
1396,GameStart,buy,7
1397,HelmetCo,sell,10
1398,SwordCo,buy,4
1399,ShieldCo,buy,4
1400,RottenFishCo,buy,7
1401,ArrowCo,buy,10
1402,HelmetCo,sell,3
1403,HelmetCo,buy,3
1404,ArrowCo,sell,6
1405,ArrowCo,buy,9
1406,HelmetCo,sell,10
1407,BoarCo,sell,10
1408,HelmetCo,buy,3
1409,HelmetCo,sell,1
1410,ShieldCo,buy,2
1411,BoarCo,buy,10
1412,ArrowCo,sell,4
1413,RottenFishCo,buy,7
1414,SwordCo,buy,1
1415,GameStart,sell,1
1416,BowCo,buy,8
1417,ArrowCo,buy,4
1418,BowCo,sell,6
1419,BowCo,buy,8
1420,GameStart,buy,7
1421,RottenFishCo,buy,5
1422,SwordCo,sell,5
1423,BowCo,sell,8
1424,GameStart,sell,7
1425,ArrowCo,sell,8
1426,BoarCo,sell,2
1427,HelmetCo,buy,10
1428,RottenFishCo,buy,4
1429,ArrowCo,sell,10
1430,ShieldCo,sell,7
1431,BowCo,buy,4
1432,RottenFishCo,buy,7
1433,ShieldCo,sell,4
1434,ArrowCo,buy,4
1435,BoarCo,sell,6
1436,ArrowCo,buy,5
1437,BowCo,buy,5
1438,BowCo,sell,8
1439,ShieldCo,buy,7
1440,PotionCo,sell,8
1441,HelmetCo,sell,5
1442,SwordCo,buy,5
1443,ShieldCo,sell,3
1444,BowCo,buy,8
1445,SwordCo,sell,6
1446,ArrowCo,sell,9
1447,BowCo,sell,3
1448,HelmetCo,sell,5
1449,ShieldCo,buy,10
1450,BoarCo,buy,10
1451,HelmetCo,sell,3
1452,RottenFishCo,sell,6
1453,GameStart,buy,5
1454,GameStart,sell,10
1455,SwordCo,sell,6
1456,ShieldCo,buy,3
1457,HelmetCo,buy,7
1458,PotionCo,buy,7
1459,GameStart,sell,3
1460,HelmetCo,buy,3
1461,GameStart,buy,5
1462,ArrowCo,sell,8
1463,RottenFishCo,buy,4
1464,ShieldCo,buy,8
1465,SwordCo,sell,5
1466,ArrowCo,sell,6
1467,SwordCo,sell,10
1468,RottenFishCo,sell,10
1469,BowCo,buy,6
1470,HelmetCo,sell,3
1471,SwordCo,buy,2
1472,HelmetCo,buy,7
1473,RottenFishCo,buy,10
1474,BoarCo,buy,2
1475,GameStart,sell,6
1476,ShieldCo,buy,5
1477,HelmetCo,buy,7
1478,HelmetCo,buy,1
1479,BowCo,buy,5
1480,RottenFishCo,sell,6
1481,SwordCo,sell,3
1482,BowCo,buy,7
1483,SwordCo,buy,7
1484,SwordCo,buy,1
1485,RottenFishCo,sell,10
1486,ShieldCo,buy,1
1487,SwordCo,sell,8
1488,ShieldCo,sell,7
1489,SwordCo,buy,4
1490,GameStart,buy,1
1491,RottenFishCo,buy,8
1492,HelmetCo,sell,2
1493,HelmetCo,buy,7
1494,GameStart,sell,2
1495,GameStart,sell,3
1496,GameStart,sell,2
1497,PotionCo,buy,6
1498,HelmetCo,sell,8
1499,RottenFishCo,sell,2
1500,GameStart,buy,7
1501,ArrowCo,buy,4
1502,SwordCo,buy,9
1503,ShieldCo,buy,7
1504,SwordCo,sell,4
1505,ArrowCo,sell,10
1506,RottenFishCo,sell,1
1507,ArrowCo,buy,1
1508,BowCo,sell,5
1509,BowCo,buy,10
1510,PotionCo,sell,8
